month,group,old,new,delta,pct
2022-01,non_criminal,1091,1091,0,0.0
2022-01,other_criminal,2969,2969,0,0.0
2022-01,property,2534,2534,0,0.0
2022-01,violent,360,360,0,0.0
2022-02,non_criminal,1106,1106,0,0.0
2022-02,other_criminal,3015,3015,0,0.0
2022-02,property,2334,2334,0,0.0
2022-02,violent,394,394,0,0.0
2022-03,non_criminal,1234,1234,0,0.0
2022-03,other_criminal,3477,3477,0,0.0
2022-03,property,2337,2337,0,0.0
2022-03,violent,393,393,0,0.0
2022-04,non_criminal,1194,1194,0,0.0
2022-04,other_criminal,3364,3364,0,0.0
2022-04,property,2402,2402,0,0.0
2022-04,violent,403,403,0,0.0
2022-05,non_criminal,1313,1313,0,0.0
2022-05,other_criminal,3479,3479,0,0.0
2022-05,property,2785,2785,0,0.0
2022-05,violent,459,459,0,0.0
2022-06,non_criminal,1196,1196,0,0.0
2022-06,other_criminal,3168,3168,0,0.0
2022-06,property,2884,2884,0,0.0
2022-06,violent,460,460,0,0.0
2022-07,non_criminal,1193,1193,0,0.0
2022-07,other_criminal,3124,3124,0,0.0
2022-07,property,2914,2914,0,0.0
2022-07,violent,456,456,0,0.0
2022-08,non_criminal,1293,1293,0,0.0
2022-08,other_criminal,3162,3162,0,0.0
2022-08,property,3066,3066,0,0.0
2022-08,violent,426,426,0,0.0
2022-09,non_criminal,1275,1275,0,0.0
2022-09,other_criminal,3133,3133,0,0.0
2022-09,property,2788,2788,0,0.0
2022-09,violent,348,348,0,0.0
2022-10,non_criminal,1369,1369,0,0.0
2022-10,other_criminal,3189,3189,0,0.0
2022-10,property,2816,2816,0,0.0
2022-10,violent,380,380,0,0.0
2022-11,non_criminal,1235,1235,0,0.0
2022-11,other_criminal,2878,2878,0,0.0
2022-11,property,2701,2701,0,0.0
2022-11,violent,321,321,0,0.0
2022-12,non_criminal,1235,1235,0,0.0
2022-12,other_criminal,2854,2854,0,0.0
2022-12,property,2726,2726,0,0.0
2022-12,violent,325,325,0,0.0
2023-01,non_criminal,1348,1348,0,0.0
2023-01,other_criminal,3171,3171,0,0.0
2023-01,property,3016,3016,0,0.0
2023-01,violent,346,346,0,0.0
2023-02,non_criminal,1245,1245,0,0.0
2023-02,other_criminal,2926,2926,0,0.0
2023-02,property,2426,2426,0,0.0
2023-02,violent,341,341,0,0.0
2023-03,non_criminal,1260,1260,0,0.0
2023-03,other_criminal,3302,3302,0,0.0
2023-03,property,2716,2716,0,0.0
2023-03,violent,351,351,0,0.0
2023-04,non_criminal,1282,1282,0,0.0
2023-04,other_criminal,3036,3036,0,0.0
2023-04,property,3042,3042,0,0.0
2023-04,violent,355,355,0,0.0
2023-05,non_criminal,1332,1332,0,0.0
2023-05,other_criminal,3486,3486,0,0.0
2023-05,property,3323,3323,0,0.0
2023-05,violent,374,374,0,0.0
2023-06,non_criminal,1238,1238,0,0.0
2023-06,other_criminal,3175,3175,0,0.0
2023-06,property,3381,3381,0,0.0
2023-06,violent,389,389,0,0.0
2023-07,non_criminal,1249,1249,0,0.0
2023-07,other_criminal,3357,3357,0,0.0
2023-07,property,3304,3304,0,0.0
2023-07,violent,447,447,0,0.0
2023-08,non_criminal,1188,1188,0,0.0
2023-08,other_criminal,3278,3278,0,0.0
2023-08,property,3440,3440,0,0.0
2023-08,violent,379,379,0,0.0
2023-09,non_criminal,1199,1199,0,0.0
2023-09,other_criminal,3282,3282,0,0.0
2023-09,property,3031,3031,0,0.0
2023-09,violent,430,430,0,0.0
2023-10,non_criminal,1270,1270,0,0.0
2023-10,other_criminal,3372,3372,0,0.0
2023-10,property,3406,3406,0,0.0
2023-10,violent,390,390,0,0.0
2023-11,non_criminal,1098,1098,0,0.0
2023-11,other_criminal,2972,2972,0,0.0
2023-11,property,3214,3214,0,0.0
2023-11,violent,369,369,0,0.0
2023-12,non_criminal,1134,1134,0,0.0
2023-12,other_criminal,3039,3039,0,0.0
2023-12,property,3396,3396,0,0.0
2023-12,violent,420,420,0,0.0
2024-01,non_criminal,1155,1155,0,0.0
2024-01,other_criminal,3224,3224,0,0.0
2024-01,property,3143,3143,0,0.0
2024-01,violent,356,356,0,0.0
2024-02,non_criminal,1106,1106,0,0.0
2024-02,other_criminal,3021,3021,0,0.0
2024-02,property,2829,2829,0,0.0
2024-02,violent,336,336,0,0.0
2024-03,non_criminal,1147,1147,0,0.0
2024-03,other_criminal,3137,3137,0,0.0
2024-03,property,2764,2764,0,0.0
2024-03,violent,352,352,0,0.0
2024-04,non_criminal,1081,1081,0,0.0
2024-04,other_criminal,3196,3196,0,0.0
2024-04,property,2933,2933,0,0.0
2024-04,violent,374,374,0,0.0
2024-05,non_criminal,1199,1199,0,0.0
2024-05,other_criminal,3155,3155,0,0.0
2024-05,property,3207,3207,0,0.0
2024-05,violent,424,424,0,0.0
2024-06,non_criminal,1138,1138,0,0.0
2024-06,other_criminal,3164,3164,0,0.0
2024-06,property,3136,3136,0,0.0
2024-06,violent,447,447,0,0.0
2024-07,non_criminal,1130,1130,0,0.0
2024-07,other_criminal,3071,3071,0,0.0
2024-07,property,3183,3183,0,0.0
2024-07,violent,472,472,0,0.0
2024-08,non_criminal,1078,1078,0,0.0
2024-08,other_criminal,3146,3146,0,0.0
2024-08,property,3093,3093,0,0.0
2024-08,violent,386,386,0,0.0
2024-09,non_criminal,1197,1197,0,0.0
2024-09,other_criminal,3231,3231,0,0.0
2024-09,property,3149,3149,0,0.0
2024-09,violent,380,380,0,0.0
2024-10,non_criminal,1218,1218,0,0.0
2024-10,other_criminal,3228,3228,0,0.0
2024-10,property,3206,3206,0,0.0
2024-10,violent,368,368,0,0.0
2024-11,non_criminal,1042,1042,0,0.0
2024-11,other_criminal,2901,2901,0,0.0
2024-11,property,2972,2972,0,0.0
2024-11,violent,367,367,0,0.0
2024-12,non_criminal,1066,1066,0,0.0
2024-12,other_criminal,2942,2942,0,0.0
2024-12,property,3013,3013,0,0.0
2024-12,violent,359,359,0,0.0
2025-01,non_criminal,1103,1103,0,0.0
2025-01,other_criminal,3165,3165,0,0.0
2025-01,property,2891,2891,0,0.0
2025-01,violent,304,304,0,0.0
2025-02,non_criminal,1050,1050,0,0.0
2025-02,other_criminal,3017,3017,0,0.0
2025-02,property,2590,2590,0,0.0
2025-02,violent,272,272,0,0.0
2025-03,non_criminal,1221,1221,0,0.0
2025-03,other_criminal,3242,3242,0,0.0
2025-03,property,2987,2987,0,0.0
2025-03,violent,311,311,0,0.0
2025-04,non_criminal,1172,1172,0,0.0
2025-04,other_criminal,3202,3202,0,0.0
2025-04,property,2770,2770,0,0.0
2025-04,violent,304,304,0,0.0
2025-05,non_criminal,1179,1179,0,0.0
2025-05,other_criminal,3376,3376,0,0.0
2025-05,property,2952,2952,0,0.0
2025-05,violent,362,362,0,0.0
2025-06,non_criminal,1174,1174,0,0.0
2025-06,other_criminal,3232,3232,0,0.0
2025-06,property,3023,3023,0,0.0
2025-06,violent,336,336,0,0.0
2025-07,non_criminal,1103,1103,0,0.0
2025-07,other_criminal,3450,3450,0,0.0
2025-07,property,3097,3097,0,0.0
2025-07,violent,403,403,0,0.0
2025-08,non_criminal,1096,1096,0,0.0
2025-08,other_criminal,3418,3418,0,0.0
2025-08,property,3028,3028,0,0.0
2025-08,violent,365,365,0,0.0
2025-09,non_criminal,1034,1034,0,0.0
2025-09,other_criminal,3299,3299,0,0.0
2025-09,property,3177,3177,0,0.0
2025-09,violent,320,320,0,0.0
2025-10,non_criminal,1152,1152,0,0.0
2025-10,other_criminal,3401,3401,0,0.0
2025-10,property,3032,3032,0,0.0
2025-10,violent,363,363,0,0.0
2025-11,non_criminal,1010,1010,0,0.0
2025-11,other_criminal,3108,3108,0,0.0
2025-11,property,2712,2712,0,0.0
2025-11,violent,310,310,0,0.0
2025-12,non_criminal,1035,1035,0,0.0
2025-12,other_criminal,3076,3076,0,0.0
2025-12,property,2776,2776,0,0.0
2025-12,violent,262,262,0,0.0
2026-01,non_criminal,988,988,0,0.0
2026-01,other_criminal,3083,3083,0,0.0
2026-01,property,2628,2628,0,0.0
2026-01,violent,267,267,0,0.0
2026-02,non_criminal,978,978,0,0.0
2026-02,other_criminal,2903,2903,0,0.0
2026-02,property,2085,2085,0,0.0
2026-02,violent,251,251,0,0.0
2026-03,non_criminal,1158,1158,0,0.0
2026-03,other_criminal,3532,3532,0,0.0
2026-03,property,2432,2432,0,0.0
2026-03,violent,294,294,0,0.0
2026-04,non_criminal,1183,1183,0,0.0
2026-04,other_criminal,3376,3376,0,0.0
2026-04,property,2524,2524,0,0.0
2026-04,violent,290,290,0,0.0
2026-05,non_criminal,1241,1241,0,0.0
2026-05,other_criminal,3473,3473,0,0.0
2026-05,property,2664,2664,0,0.0
2026-05,violent,312,312,0,0.0
2026-06,non_criminal,1144,1144,0,0.0
2026-06,other_criminal,3516,3516,0,0.0
2026-06,property,2687,2687,0,0.0
2026-06,violent,329,329,0,0.0
2026-07,non_criminal,1245,1245,0,0.0
2026-07,other_criminal,3719,3719,0,0.0
2026-07,property,2604,2604,0,0.0
2026-07,violent,303,303,0,0.0
2026-08,non_criminal,1247,1247,0,0.0
2026-08,other_criminal,3539,3539,0,0.0
2026-08,property,2615,2615,0,0.0
2026-08,violent,308,308,0,0.0
2026-09,non_criminal,891,891,0,0.0
2026-09,other_criminal,2384,2384,0,0.0
2026-09,property,1932,1932,0,0.0
2026-09,violent,196,196,0,0.0
